,predictions
0,3840.1
1,2169.8
2,2993.5
3,2621.2
4,3667.8
5,3326.5
6,3558.2
7,1659.3
8,3216.8
9,2946.0
10,2368.7
11,2948.35
12,4407.5
13,2522.0
14,3307.3
15,5106.0
16,1589.5
17,1619.6
18,4466.2
19,2334.9
20,1735.0
21,2495.0
22,1981.9
23,3567.7
24,2038.0
25,2413.6666666666665
26,3720.9
27,3934.5
28,2907.5
29,2129.8
30,4100.6
31,3615.0
32,1670.4
33,1907.5
34,2926.5619047619048
35,4086.0
36,1446.4
37,6191.0
38,2053.75
39,1925.7
40,3180.0
41,2448.8
42,4482.5
43,3565.5
44,2560.2
45,5247.5
46,2506.0
47,2395.5
48,2768.9
49,4715.9
50,1676.9
51,2579.5
52,4792.5
53,1808.9
54,2045.0
55,1604.2
56,1661.3
57,2267.0
58,5634.9
59,2197.0
60,2911.46
61,2588.2
62,1959.6
63,3461.6
64,1951.9
65,3503.3
66,3440.2
67,2113.9
68,3217.6
69,2369.5
70,4470.2
71,1559.5
72,2600.9
73,4575.8
74,2855.4
75,3131.3
76,2499.8
77,3184.9
78,1842.0
79,2642.5
80,3610.5
81,3029.6
82,2774.9
83,9399.0
84,2759.3
85,2489.5
86,2039.4
87,2554.6
88,1444.5
89,2991.9
90,5388.0
91,4629.2
92,1445.0
93,3114.5
94,2180.5
95,2469.3
96,1944.5
97,4328.4
98,2504.6
99,1979.9
100,3919.8
101,3771.0
102,1902.8
103,1763.2
104,3849.5
105,2054.4
106,4543.9
107,2911.9
108,5509.0
109,4319.0
110,2886.6
111,1802.5
112,3010.4
113,3125.3
114,2083.9
115,4180.0
116,3580.5
117,2767.5
118,2989.2
119,4161.5
120,5920.0
121,2037.9
122,3800.3
123,3486.6666666666665
124,3514.2
125,3232.7
126,2947.5
127,2147.4
128,4216.4
129,1924.8
130,1757.3
131,2193.4
132,5593.3
133,3812.9
134,2714.1
135,2609.5
136,2708.5
137,2060.0
138,2847.9
139,2546.4
140,3509.5
141,2337.5
142,4484.2
143,2238.7
144,1668.9
145,5810.5
146,2080.5
147,2201.1
148,1852.5
149,3604.8
150,2418.8
151,2087.3
152,3145.0
153,3198.0
154,5719.4
155,3507.2
156,2956.5
157,1926.8
158,3792.9
159,2157.3
160,3347.1
161,3049.3
162,4776.0
163,2135.0
164,2661.5
165,4127.0
166,1869.2
167,2553.9
168,3689.0
169,3074.6
170,3358.5
171,3514.0
172,5953.0
173,6621.5
174,2062.5
175,2683.1
176,2549.5
177,2500.9
178,4243.4
179,2070.0
180,3912.8
181,5682.5
182,3219.5
183,1673.0
184,5060.0
185,4607.2
186,2468.0
187,3769.6
188,4694.0
189,6313.0
190,1936.4
191,3574.2
192,2584.3
193,2461.8
194,3832.8
195,3873.0
196,3730.7
197,3139.8
198,1744.9
199,3064.9
200,5525.5
201,4619.5
202,3885.5
203,3233.8
204,4465.0
205,4547.5
206,2337.0
207,2630.4
208,2957.0
209,3116.0
210,6385.0
211,3694.0
212,1608.7
213,5443.7
214,3196.2
215,1852.4
216,2584.9
217,2645.7
218,5462.2
219,4498.5
220,4001.4
221,3194.3
222,6887.1
223,2881.1
224,3764.5
225,3137.5
226,6754.7
227,2376.4
228,2697.5
229,4641.0
230,1882.0
231,1780.0
232,2055.0
233,3066.1
234,3276.3
235,2072.5
236,1812.0
237,1659.5
238,1599.5
239,3556.1
240,2894.5
241,2492.5
242,4876.6
243,3613.4
244,2497.0
245,1530.4
246,1542.0
247,4630.0
248,3817.0
249,2960.3
250,2159.4
251,1865.5
252,2924.0
253,1732.8
254,2529.5
255,2519.3
256,4200.7
257,2663.3
258,2363.3
259,3558.4
260,1712.4
261,2699.75
262,2194.5
263,12528.5
264,2534.0
265,8130.0
266,3350.0
267,2140.9
268,3870.5
269,8586.5
270,2710.8
271,4387.1
272,5159.0
273,2862.0
274,2848.8
275,1840.0
276,2740.0
277,4714.0
278,2095.0
279,12325.4
280,3265.0
281,2419.5
282,5049.4
283,2482.8
284,3633.0
285,2784.5
286,2849.5
287,3188.6
288,1848.4
289,2620.7333333333336
290,2758.7
291,1699.6083333333331
292,3230.7
293,3146.1
294,3831.0
295,6827.4
296,2064.8
297,4226.4
298,2175.5
299,2385.833333333333
300,4469.0
301,1494.4
302,4031.0
303,3134.0
304,4598.3
305,5476.5
306,2969.8
307,2399.4
308,4390.3
309,1678.9
310,2494.8
311,3824.1
312,3092.5
313,12693.0
314,2474.8
315,5744.4
316,2367.3
317,3698.6
318,6677.9
319,3073.5
320,1833.0
321,3344.6
322,9012.6
323,2794.1
324,5722.7
325,1976.9
326,21050.0
327,2795.3
328,3097.7
329,3373.2142857142853
330,3474.166666666667
331,3409.4
332,2134.4
333,2005.0
334,3082.8
335,4387.3
336,3874.2
337,8363.7
338,1667.5
339,3996.5
340,2586.5666666666666
341,3767.8
342,1587.9
343,1556.1
344,4010.0
345,2483.4
346,2564.2
347,5673.5
348,3370.3
349,2364.8
350,4153.0
351,2107.1
352,2014.4
353,2918.0
354,3522.5
355,3809.5
356,2319.3
357,2978.5
358,1934.1
359,2583.5
360,4914.0
361,1672.4
362,2274.2
363,3564.0
364,1863.1
365,4665.2
366,2399.7
367,3230.0
368,2753.9
369,1785.0
370,2810.55
371,12864.5
372,2404.5
373,2221.0
374,2267.4
375,2524.8
376,2224.2
377,2323.3214285714284
378,2411.5
379,2816.5
380,2857.2
381,1754.4
382,2313.0
383,1824.0
384,2870.4
385,2020.4
386,1577.4
387,2649.2
388,2717.0
389,2385.0
390,4517.5
391,2390.0
392,1999.5
393,3059.6
394,1572.5
395,2414.3
396,2847.5
397,4045.0
398,2704.4
399,2457.2
400,4457.6
401,2347.5
402,2578.0
403,3214.8
404,2814.5
405,3602.5
406,1511.0
407,2342.4
408,7096.8
409,2925.0
410,5532.0
411,3130.4
412,2038.3
413,4052.0
414,3146.1
415,1928.8
416,3732.5
417,2409.9
418,1772.5
419,2606.2
420,1974.4
421,2022.5
422,2004.9
423,3329.9
424,3114.9
425,3484.2
426,1679.7
427,2457.5
428,1490.0
429,3854.3
430,2916.9
431,2700.0
432,2497.3
433,1963.8
434,4005.5
435,2506.5
436,6114.0
437,2073.7
438,3745.4
439,1455.7
440,2369.8
441,2299.6
442,1721.0
443,2829.2
444,3079.2
445,2332.5
446,3853.3
447,3463.6
448,2971.0
449,5258.9
450,5164.5
451,4689.5
452,3041.2
453,2033.3
454,2161.9
455,3825.0
456,5810.1
457,1534.9
458,2419.4
459,3265.25
460,6759.5
461,4266.4
462,2654.5
463,3852.7333333333336
464,3306.9
465,3762.8
466,2468.8
467,2176.9
468,2315.4
469,3483.5
470,3332.0
471,2224.0
472,4417.5
473,4258.0
474,1732.4
475,3304.5
476,1982.5
477,3398.5
478,3555.0
479,2603.5
480,9215.2
481,1852.5
482,1797.4
483,2584.4
484,2805.0
485,2547.05
486,3247.0
487,4219.166666666666
488,3812.5
489,2130.5
490,3861.9
491,3699.0
492,3119.4
493,13475.0
494,2631.0
495,2109.5
496,2429.9
497,2363.6
498,3311.0
499,2284.2
500,2794.5
501,3614.9
502,3377.3
503,2482.3
504,1744.9
505,3223.5
506,3451.3
507,2680.5
508,1761.05
509,2858.4
510,3420.6
511,3098.8
512,3936.0
513,5137.5
514,3582.3
515,3667.3
516,3538.7
517,2947.5
518,1807.5
519,2652.0
520,1901.0
521,2159.0
522,2793.9
523,3040.0
524,3640.0
525,2287.5
526,2370.0
527,3863.5
528,3286.5
529,1934.8
530,1710.0
531,5626.4
532,4135.5
533,3027.5
534,2832.1833333333334
535,4898.5
536,3382.3
537,7110.0
538,4133.8
539,2384.0
540,2564.2
541,2134.5
542,2554.0
543,3533.5
544,2077.8
545,2324.8
546,5134.3
547,2218.9
548,3220.9
549,2594.0
550,2269.5
551,2408.5
552,2085.0
553,4266.7
554,3180.3
555,2529.5
556,7213.7
557,2865.0
558,1648.0
559,3078.0
560,3328.5
561,6769.5
562,4010.0
563,4876.0
564,2727.5
565,2581.2
566,4331.2
567,1446.0
568,2844.9
569,4769.5
570,5474.5
571,3376.7
572,4056.5
573,3115.2
574,3180.6
575,1697.5
576,1983.2
577,1611.5
578,2375.0
579,2504.8
580,1892.4
581,2107.7
582,3695.0833333333335
583,1887.0
584,9650.0
585,3414.7
586,1399.0
587,3335.9
588,5083.0
589,2515.0
590,2528.0
591,4595.9
592,2411.1
593,2399.5
594,1978.4
595,5998.5
596,1809.5
597,3183.6
598,4130.0
599,2923.5
600,3997.15
601,1469.5
602,2494.8
603,2600.8
604,2889.5
605,2574.5
606,2124.5
607,2694.3
608,1681.9
609,3661.2
610,3103.7
611,2579.4
612,3272.0
613,3119.4
614,5925.0
615,1547.8
616,2044.0
617,2295.4
618,5627.5
619,2710.2
620,1846.5
621,8724.5
622,2633.5
623,1890.0
624,2534.0
625,1856.4
626,2206.1
627,2057.2
628,3205.4
629,5029.4
630,2434.9
631,9592.6
632,2134.8
633,2857.4
634,3081.8
635,2590.2
636,2519.9
637,3934.2
638,3024.8
639,1721.4
640,2707.5
641,2860.5
642,2116.5
643,4546.5
644,2590.5
645,2923.8
646,4725.2
647,1951.4
648,4768.7
649,3987.6
650,2533.9
651,1820.9
652,3332.8
653,2404.0
654,4289.6
655,3129.1
656,2563.3
657,5617.0
658,3370.0
659,9071.6
660,3282.1
661,3808.4
662,2238.7
663,2747.0
664,4944.0
665,6379.9
666,3667.3
667,2321.9
668,2282.3
669,1832.5
670,2330.0
671,3029.3666666666663
672,2381.9
673,3802.5
674,2350.5
675,2939.5
676,3254.3
677,3726.0
678,3956.6
679,2418.4
680,3481.5
681,3022.5
682,9031.5
683,2489.5
684,6436.0
685,2547.0
686,2969.0
687,1929.9
688,1600.2
689,3573.5
690,2206.0
691,5049.5
692,2449.9
693,3368.1
694,5994.4
695,3164.0
696,3676.1
697,3714.9
698,6482.9
699,2035.4
700,4244.9
701,3072.0
702,1445.0
703,2866.0
704,2549.0
705,6934.0
706,2124.9
707,1442.5
708,4617.2
709,3908.5
710,3193.9
711,4368.5
712,3143.0
713,3425.9
714,3865.0
715,7824.0
716,1794.2
717,8785.5
718,5196.0
719,3520.0
720,7350.0
721,5021.5
722,2492.2
723,2896.166666666667
724,4182.8
725,6221.5
726,2707.5
727,3087.0
728,2725.4
729,3177.5
730,3606.0
731,2789.9
732,2624.0
733,2449.5
734,2389.9
735,2967.3
736,6762.5
737,3423.5
738,7265.0
739,2125.0
740,2032.0
741,5802.6
742,4995.3
743,6060.2
744,2778.9
745,3250.0
746,2321.5
747,2550.9
748,2095.5
749,25469.5
750,5728.6
751,5560.0
752,3677.2
753,3151.2
754,1518.4
755,3552.0
756,2358.5
757,3571.4
758,6198.0
759,2793.8
760,4060.0
761,2507.0
762,3331.1
763,2449.1
764,1644.4
765,2514.1
766,2204.9
767,4367.5
768,2651.6
769,4819.7
770,2136.4
771,2144.0
772,1720.0
773,3290.0
774,19880.0
775,1632.2
776,6017.0
777,3881.2
778,3648.5
779,2588.875
780,1716.9
781,1950.0
782,2304.0
783,2340.0
784,3470.0
785,2124.0
786,2925.0
787,7131.8
788,1722.5
789,4000.0
790,1744.5
791,2259.3
792,3786.7
793,6238.1
794,3875.9
795,2275.0
796,2280.8
797,2188.9
798,2222.4
799,7555.0
800,3928.0
801,2351.8
802,1697.3
803,2507.4
804,2694.4
805,3161.9
806,1945.5
807,1513.5
808,9180.4
809,1673.9
810,1567.4
811,4607.0
812,3715.3
813,2156.9
814,4683.6
815,2505.0
816,3044.8
817,2156.9
818,3336.9
819,2719.5
820,2616.5
821,2097.3
822,3529.9
823,2246.1
824,3676.1
825,4640.5
826,2574.8
827,2150.0
828,2644.8
829,2313.2
830,1976.0
831,5745.7
832,4373.8
833,2143.5
834,3266.0
835,1894.9
836,3525.0
837,2086.9
838,2467.5
839,2439.5
840,3457.2
841,1804.9
842,3029.6
843,2919.4
844,3641.5
845,2745.0
846,2648.5
847,2264.1
848,3698.6
849,2216.1
850,2454.1
851,2995.0
852,3390.9
853,2152.15
854,3553.5
855,2634.0
856,2771.388888888889
857,4667.8
858,2911.6
859,2846.5
860,3177.5
861,2847.5
862,2535.5
863,2025.4
864,19586.4
865,2984.8
866,2513.7
867,2669.3
868,1944.5
869,2729.0
870,3316.5
871,3795.8
872,1879.5
873,3322.0
874,2705.8333333333335
875,2252.4
876,4436.5
877,2928.5
878,29422.8
879,2685.3
880,2395.0
881,1609.5
882,3786.9
883,4931.2
884,10908.5
885,2624.0
886,3304.5
887,2032.4
888,2625.1666666666665
889,5038.9
890,2034.3
891,1982.5
892,3107.7
893,5820.0
894,2267.5
895,2912.4
896,3106.4
897,2150.0
898,2487.0
899,2434.4
900,2107.0
901,2315.2
902,2320.0
903,5183.7
904,3333.8
905,1832.5
906,2847.9
907,2683.1
908,2741.1
909,2298.5
910,1467.0
911,5986.0
912,1582.0
913,2841.5
914,1855.0
915,1452.4
916,5412.4
917,3448.5
918,1855.0
919,4459.9
920,3276.3
921,4031.0
922,5794.6
923,3765.4
924,13493.9
925,1802.5
926,4107.5
927,2907.0
928,3933.5
929,3338.5
930,1590.0
931,18439.9
932,3967.0
933,2367.0
934,4068.8
935,2012.5
936,3404.5
937,3716.0
938,2389.4
939,4251.1
940,2289.6
941,3271.7
942,2445.5
943,2567.5
944,2665.0
945,2927.8
946,2394.5
947,2427.3
948,2109.0
949,2739.5
950,3910.15
951,2921.166666666667
952,2973.0
953,2232.9
954,3575.0
955,1882.4
956,4829.0
957,2539.5
958,1986.2
959,4418.0
960,4666.9
961,2136.0
962,2563.2
963,3799.5
964,2288.8
965,2929.5
966,5919.5
967,2817.708333333333
968,3517.4
969,2049.5
970,1696.9
971,2194.5
972,7369.4
973,1519.5
974,3786.525
975,3483.6
976,3165.0
977,2377.0
978,2585.0
979,3280.0
980,2739.0
981,8904.0
982,3570.0
983,2550.0
984,1748.0
985,5251.1
986,8856.9
987,2364.4
988,5081.5
989,2253.0
990,3313.4
991,3229.0666666666666
992,3631.2
993,2454.0
994,5126.7
995,4464.4
996,2882.5
997,9097.6
998,7875.0
999,2394.8
1000,3464.0
1001,3563.5
1002,1788.8
1003,4896.333333333333
1004,4097.2
1005,2207.5
1006,1589.5
1007,2759.8
1008,2918.7
1009,4105.0
1010,1844.0
1011,5246.9
1012,1937.3
1013,1784.9
1014,3642.3
1015,2312.0
1016,3788.9
1017,4705.0
1018,5667.0
1019,2020.4
1020,3297.5
1021,8645.0
1022,5754.9
1023,4331.3
1024,3093.4
1025,2224.5
1026,4215.9
1027,9150.0
1028,1805.5
1029,3776.5
1030,1871.9
1031,2996.8
1032,3528.0
1033,2855.2
1034,2950.0
1035,3117.5
1036,2341.9
1037,7604.6
1038,3069.2
1039,2389.7
1040,1806.5
1041,3743.0
1042,2869.5
1043,1853.5
1044,2559.7
1045,3141.9
1046,5273.5
1047,1657.2
1048,3526.5
1049,7549.1
1050,3924.1
1051,3074.2
1052,2004.8
1053,2442.5
1054,4781.4
1055,4845.3
1056,4222.5
1057,1854.9
1058,1907.0
1059,5103.4
1060,1724.5
1061,3450.3
1062,2530.0
1063,4771.4
1064,3275.0
1065,2497.5
1066,2385.0
1067,2707.5
1068,3539.9
1069,6248.8
1070,3299.8
1071,2559.1
1072,5309.5
1073,3000.1
1074,4708.7
1075,2521.9
1076,3062.2
1077,3840.1
1078,3241.5
1079,6666.0
1080,2279.8
1081,3107.1
1082,2679.9
1083,3795.0
1084,2609.5
1085,3219.6
1086,3273.4
1087,3502.0
1088,2324.9
1089,6506.0
1090,2628.4
1091,3753.4
1092,4864.7
1093,3104.4
1094,4022.6
1095,3247.9
1096,3786.9
1097,4483.5
1098,5071.5
1099,4411.1
1100,4721.0
1101,3763.35
1102,2492.5
1103,2124.0
1104,5146.0
1105,2734.4
1106,2672.5
1107,3610.0
1108,3705.0
1109,1652.5
1110,3616.0
1111,1932.5
1112,1595.3
1113,2475.0
1114,4736.8
1115,3517.7
1116,2933.3
1117,2585.0
1118,3888.5
1119,3503.5
1120,2472.0
1121,3658.0
1122,5770.0
1123,3229.5
1124,2453.9
1125,2480.0
1126,2945.0
1127,3335.1
1128,3515.0
1129,2964.1
1130,3382.5
1131,2554.0
1132,6766.9
1133,4161.5
1134,2361.5
1135,18235.0
1136,2444.9
1137,6106.0
1138,2999.0
1139,2821.5
1140,1846.0
1141,1967.0
1142,2190.0
1143,4550.7
1144,3414.5
1145,1361.4
1146,4125.0
1147,2673.1
1148,2800.45
1149,2327.5
1150,1964.9
1151,3503.9
1152,2364.1
1153,3553.8
1154,1871.9
1155,3500.4
1156,2920.5
1157,3183.8
1158,1812.5
1159,3181.5
1160,2862.2
1161,2247.0
1162,9205.5
1163,2403.5
1164,1876.25
1165,3261.3
1166,3738.5
1167,2789.9
1168,4344.0
1169,2764.9
1170,2847.6666666666665
1171,2544.4
1172,3102.3
1173,7618.9
1174,3982.0
1175,2637.5
1176,3195.1
1177,1567.9
1178,2089.9
1179,2554.3
1180,2836.3
1181,3390.8
1182,2602.1
1183,2600.9
1184,2542.1
1185,2927.5
1186,2464.5666666666666
1187,1595.5
1188,3419.5
1189,3113.4
1190,2504.0
1191,3855.0
1192,3101.6
1193,3768.9
1194,5413.8
1195,2753.5
1196,2478.2
1197,2349.5
1198,4221.1
1199,3189.5
1200,17189.5
1201,2972.2
1202,3423.1
1203,2578.4
1204,2695.875
1205,3378.9
1206,3351.3
1207,4214.1
1208,3740.5
1209,2417.0
1210,2370.4
1211,3060.7
1212,3805.3
1213,2703.3
1214,3178.3
1215,2900.9
1216,2359.9
1217,2254.9
1218,3828.05
1219,3880.2
1220,4858.5
1221,1794.5
1222,3684.0
1223,2659.4
1224,2814.5
1225,3252.0
1226,2544.5
1227,1674.5
1228,2765.9
1229,2132.5
1230,1883.9
1231,4956.5
1232,1845.0
1233,3575.5
1234,3617.1
1235,2072.7
1236,2062.0
1237,3393.8
1238,3348.4
1239,2852.7
1240,3519.0
1241,3957.8
1242,5853.9
1243,2575.0
1244,3042.5
1245,3108.0
1246,1948.9
1247,2637.5
1248,3815.0
1249,3258.75
1250,2523.0
1251,2279.9
1252,2990.0
1253,1832.5
1254,3743.2
1255,2984.8
1256,16248.5
1257,4603.5
1258,1857.0
1259,2596.5
1260,5664.1
1261,4310.5
1262,3779.7
1263,2904.3
1264,13181.8
1265,2710.4
1266,3722.9
1267,3361.4333333333334
1268,6784.3
1269,2197.2
1270,2400.5
1271,1690.0
1272,2080.5
1273,3173.4
1274,4728.5
1275,3195.9
1276,3294.6
1277,2494.9
1278,2599.8
1279,2603.9
1280,7584.4
1281,5527.0
1282,2582.4
1283,2377.9
1284,2987.5
1285,3308.0
1286,4537.6
1287,2024.4
1288,2522.4
1289,4235.6
1290,2768.0
1291,1684.5
1292,3322.9666666666662
1293,3500.0
1294,2900.9
1295,2413.5
1296,2974.1
1297,3700.0
1298,2905.0
1299,2533.0
1300,1722.2
1301,2906.0
1302,1637.3
1303,6784.3
1304,3431.7
1305,4051.2
1306,2829.8
1307,2122.4
1308,1443.5
1309,4241.0
1310,2048.8
1311,1825.0
1312,4146.0
1313,2504.1
1314,1903.5
1315,2432.5
1316,4467.0
1317,4624.0
1318,4820.0
1319,3562.8
1320,1719.6
1321,2892.9
1322,1737.4
1323,1582.5
1324,2920.7
1325,2143.8
1326,2435.5
1327,2167.0
1328,3568.0
1329,2019.2
1330,4617.8
1331,5903.5
1332,1832.0
1333,3122.5
1334,1850.0
1335,2939.0
1336,3977.8
1337,2958.5
1338,2830.5
1339,1435.0
1340,1703.3
1341,2937.3
1342,6440.5
1343,5610.0
1344,3671.3
1345,5572.3
1346,2746.3
1347,2580.6333333333337
1348,2243.4
1349,2489.7
1350,3636.8
1351,2263.0
1352,3329.0
1353,3036.8
1354,2586.2
1355,3378.6
1356,3251.9
1357,2332.5
1358,2966.166666666667
1359,9716.2
1360,3833.3
1361,3937.8
1362,3789.5
1363,5111.1
1364,2312.5
1365,2276.5
1366,4276.0
1367,4155.8
1368,2467.3
1369,6951.6
1370,4085.0
1371,4031.8
1372,1989.3
1373,2948.8
1374,3258.7
1375,2074.5
1376,3182.5
1377,2720.9
1378,2334.2
1379,3193.9
1380,1551.5
1381,2604.65
1382,7525.0
1383,2419.3
1384,4148.3
1385,4815.1
1386,3009.5
1387,2201.4
1388,1499.9
1389,3359.5
1390,3730.9
1391,2849.3
1392,1731.75
1393,2335.0
1394,3864.5
1395,2328.0
1396,2076.0
1397,2880.0
1398,3142.2
1399,1797.5
1400,2404.5
1401,2025.0
1402,3342.5
1403,1743.4
1404,4204.3
1405,3397.5
1406,3406.0
1407,3680.1
1408,4399.2
1409,2506.5
1410,3749.9
1411,2879.0
1412,3608.1
1413,2627.4
1414,1950.5
1415,2884.4
1416,1874.8
1417,2960.8
1418,2430.5
1419,2613.0
1420,2267.0
1421,1974.5
1422,7479.0
1423,3244.4
1424,5339.7
1425,1919.5
1426,3589.0
1427,3863.1
1428,1894.5
1429,2361.9
1430,4086.0
1431,1832.5
1432,2656.8
1433,2618.4
1434,1805.0
1435,3738.6
1436,2999.5
1437,2085.0
1438,2328.3
1439,2562.0
1440,3174.6
1441,1753.5
1442,2708.6
1443,2090.0
1444,2884.7
1445,2754.7
1446,2312.1
1447,2640.0
1448,3154.9
1449,5528.4
1450,3111.6
1451,2119.5
1452,5374.0
1453,4000.0
1454,2207.5
1455,1995.1
1456,3234.5
1457,2544.4
1458,1902.5
1459,3415.5
1460,4124.4
1461,1647.5
1462,1992.1
1463,2203.3
1464,2213.4
1465,2514.0
1466,3320.5
1467,3044.0
1468,7500.0
1469,4389.3
1470,3898.0
1471,5453.0
1472,3668.3
1473,2764.4
1474,2314.3
1475,3102.6
1476,3118.9
1477,2659.9
1478,1781.8
1479,2439.5
1480,3576.5
1481,2397.5
1482,1798.9
1483,1657.5
1484,2385.9
1485,3040.7
1486,1968.5
1487,3391.9
1488,3422.0
1489,2109.8
1490,4192.5
1491,4791.2
1492,2529.3
1493,2840.6
1494,3172.8
1495,2454.4
1496,5883.5
1497,3029.0
1498,8035.0
1499,3159.5
1500,7686.1
1501,2165.3333333333335
1502,1983.9
1503,2279.7
1504,2297.5
1505,1990.0
1506,3972.5
1507,3119.5
1508,2756.1
1509,2527.0
1510,1275.0
1511,2364.5
1512,3516.6
1513,5907.0
1514,4115.5
1515,2038.9
1516,3383.0
1517,6955.0
1518,8109.5
1519,3411.4
1520,5922.0
1521,3597.6
1522,3639.5
1523,2349.2
1524,3410.0
1525,1926.05
1526,2930.0
1527,16628.5
1528,2323.5
1529,1737.5
1530,5021.5
1531,2565.0
1532,4221.7
1533,5921.5
1534,4129.5
1535,3135.4
1536,17568.8
1537,2178.9
1538,2941.3
1539,5858.0
1540,1931.0
1541,1529.5
1542,3070.0
1543,1617.0
1544,3645.5
1545,3087.0
1546,3180.0
1547,4523.0
1548,1938.9
1549,2398.0
1550,3679.8
1551,3733.8
1552,3114.2
1553,5386.0
1554,3892.3
1555,5394.9
1556,3497.5
1557,1574.1
1558,3268.5
1559,3308.4
1560,3238.7
1561,2600.5
1562,2142.4
1563,1820.9
1564,7449.5
1565,2539.5
1566,2069.6
1567,3077.7
1568,11760.0
1569,2946.0
1570,2251.0
1571,5511.9
1572,2575.25
1573,2189.9
1574,3743.4
1575,4349.5
1576,1275.0
1577,3315.0
1578,6940.0
1579,1726.9
1580,2226.0
1581,2323.3
1582,2284.4
1583,1876.9
1584,2716.5
1585,2296.0
1586,3558.2
1587,2543.9
1588,1847.0
1589,2314.9
1590,2316.5
1591,2609.8
1592,1925.8
1593,3591.8
1594,2911.9
1595,3579.5
1596,3110.1
1597,1720.0
1598,2598.3333333333335
1599,4592.4
1600,1927.5
1601,2811.416666666667
1602,19412.0
1603,4338.9
1604,2731.3
1605,3414.5
1606,15388.0
1607,1859.8
1608,3347.1
1609,2464.5
1610,3440.5
1611,4622.1
1612,4158.9
1613,2089.0
1614,2662.2
1615,1349.0
1616,12047.0
1617,2813.5
1618,4279.5
1619,2755.6166666666663
1620,5805.6
1621,2604.5
1622,3617.7
1623,3691.3
1624,1901.0
1625,2373.8
1626,2812.9
1627,6660.6
1628,4821.0
1629,4054.8
1630,3278.9
1631,3412.5
1632,3420.1
1633,3038.3
1634,8739.8
1635,2219.7
1636,1465.0
1637,2949.0
1638,3003.8
1639,2203.2
1640,4554.5
1641,2340.0
1642,2584.9
1643,3952.4
1644,2906.1
1645,1600.3
1646,3516.5
1647,2675.0
1648,1672.5
1649,1989.5
1650,3358.4
1651,3309.5
1652,2959.2
1653,2915.4
1654,4782.7
1655,5557.8
1656,3215.5
1657,1947.4
1658,4183.0
1659,2771.0
1660,1761.9
1661,4789.9
1662,11265.0
1663,3641.5
1664,5509.5
1665,3629.4
1666,4232.0
1667,2029.9
1668,2694.0
1669,3581.3
1670,2397.8
1671,2109.0
1672,3243.5
1673,2656.5
1674,3213.8
1675,2267.5
1676,2939.2
1677,2367.5
1678,2307.5
1679,2849.7
1680,1983.1
1681,3091.0
1682,2114.0
1683,6400.5
1684,1537.4
1685,3117.5
1686,1567.0
1687,14132.5
1688,2068.6
1689,2979.8
1690,2205.0
1691,2092.4
1692,1925.0
1693,3598.5
1694,4084.0
1695,4006.5
1696,3594.4
1697,4195.0
1698,1538.4
1699,4135.5
1700,2874.5
1701,1887.5
1702,2390.0
1703,3317.9
1704,2407.5
1705,3197.5
1706,1807.9
1707,2201.9
1708,1581.2
1709,2361.5
1710,2002.0
1711,2798.9
1712,6484.8
1713,1731.75
1714,3027.0
1715,4776.3
1716,3087.0
1717,9364.5
1718,2231.9
1719,2368.0
1720,2689.6
1721,1472.4
1722,3445.5
1723,3258.5666666666666
1724,2831.4
1725,2201.8
1726,3184.9
1727,2303.8
1728,2361.5
1729,6125.0
1730,4034.0
1731,2182.4
1732,2484.0
1733,2753.5
1734,4841.9
1735,4793.9
1736,2143.3
1737,1679.7
1738,3179.4
1739,1922.45
1740,3811.5
1741,4330.0
1742,11579.7
1743,8550.0
1744,1645.5
1745,2819.5
1746,3285.5
1747,2250.0
1748,2950.0
1749,2709.3
1750,2901.4
1751,1484.5
1752,2453.9
1753,3934.0
1754,2789.0
1755,3533.5
1756,2545.0
1757,5411.0
1758,2603.8
1759,2079.5
1760,2539.7
1761,3256.6
1762,1767.8
1763,3047.2
1764,3745.3
1765,1977.2
1766,2746.5
1767,2260.0
1768,2679.4
1769,1756.2083333333333
1770,1772.5
1771,2662.5
1772,4320.4
1773,5527.0
1774,2922.0
1775,2339.4
1776,3253.5
1777,2258.5
1778,1997.5
1779,2096.5
1780,3567.2
1781,1904.4
1782,2698.5
1783,2635.4
1784,8984.5
1785,4081.8
1786,2047.7
1787,3210.7
1788,3365.0
1789,4273.8
1790,3050.0
1791,2999.8
1792,3219.3
1793,2409.4
1794,3564.4
1795,3064.8
1796,5391.5
1797,4070.5
1798,4655.0
1799,3035.0
1800,5229.0
1801,3168.5
1802,2037.5
1803,2829.9
1804,4335.2
1805,2456.8
1806,2416.8
1807,3229.5
1808,2259.2
1809,2722.5
1810,2238.9
1811,2501.6
1812,2443.0
1813,2709.0
1814,2804.9
1815,3347.3
1816,2153.5
1817,8245.5
1818,2929.8
1819,3076.5
1820,2605.0
1821,2163.4
1822,1947.8
1823,7289.4
1824,1638.3
1825,2459.4
1826,1836.0
1827,3394.5
1828,3077.9
1829,2361.5
1830,2673.5
1831,3486.3
1832,2429.0
1833,3217.0
1834,4193.5
1835,2611.0
1836,2969.0
1837,2651.8
1838,4536.2
1839,2190.5
1840,3784.5
1841,5963.0
1842,2399.9
1843,5421.3
1844,2296.9
1845,2746.0
1846,1960.0
1847,2854.5
1848,6127.4
1849,2784.4
1850,2476.8
1851,1855.4
1852,4550.7
1853,2553.3
1854,3714.2
1855,2463.5
1856,1619.5
1857,2363.0
1858,2589.3
1859,3560.5
1860,2946.9
1861,2937.5
1862,11214.5
1863,1972.4
1864,1719.9
1865,2563.5
1866,2905.0
1867,4537.0
1868,1880.0
1869,2063.4
1870,3235.8
1871,2224.9
1872,4066.4
1873,1639.9
1874,3458.5
1875,4465.0
1876,2953.3
1877,2334.5
1878,2703.0
1879,3567.0
1880,3756.1
1881,2684.5
1882,3105.8
1883,1964.3
1884,2354.9
1885,2869.0
1886,4905.0
1887,3948.6
1888,3148.0
1889,3289.6
1890,14169.9
1891,4264.975
1892,2047.0
1893,1390.0
1894,1435.0
1895,6486.0
1896,2351.1
1897,2805.375
1898,6145.3
1899,4007.0
1900,2608.6
1901,2600.9
1902,2331.1
1903,2859.5
1904,1701.9
1905,3394.2
1906,3013.5
1907,2883.6
1908,2095.5
1909,2937.4
1910,1946.8
1911,3211.9
1912,2785.8
1913,2377.5
1914,3222.8
1915,3516.0
1916,3696.3
1917,2619.0
1918,3108.6
1919,2591.5
1920,1625.0
1921,2063.0
1922,4009.7
1923,2167.5
1924,1972.5
1925,3326.0
1926,3453.6
1927,7096.8
1928,4406.6
1929,7425.2
1930,2823.5
1931,3071.1
1932,5543.5
1933,2157.7
1934,3235.7
1935,3679.9
1936,1889.0
1937,1938.3
1938,3876.5
1939,5008.0
1940,2407.9
1941,2734.5
1942,2169.5
1943,7144.5
1944,3385.9
1945,25599.5
1946,1774.5
1947,3648.6
1948,2404.5
1949,5631.5
1950,2746.5
1951,5118.8
1952,2379.9
1953,3667.0
1954,2369.9
1955,3207.1
1956,8069.5
1957,2415.8
1958,4149.5
1959,3341.7
1960,2324.8
1961,1605.5
1962,3504.0
1963,1579.0
1964,3555.0
1965,2702.9
1966,4712.0
1967,3396.3
1968,5609.9
1969,2834.9
1970,3358.0
1971,1715.0
1972,7104.4
1973,3362.5
1974,2517.2
1975,3799.5
1976,3637.6
1977,4208.5
1978,4701.2
1979,2207.5
1980,3466.0
1981,2755.0
1982,1929.3
1983,2163.5
1984,17876.6
1985,1481.8
1986,2675.0
1987,3255.5
1988,2172.4
1989,5820.0
1990,3599.9
1991,2174.3
1992,1677.1
1993,8480.5
1994,3526.0
1995,2239.5
1996,1814.9
1997,2039.5
1998,2639.0
1999,5354.5
